Test_Start_Date-Time,Test_End_Date-Time,Test_Report_Folder_Path
1,2014-06-28_00-03-57,2014-06-28_00-03-59,C:\Users\Clyde Delacroix\Desktop\A-Outputs\Save Report_2014-06-28_00-03-57
2,2014-06-28_00-04-20,2014-06-28_00-04-21,C:\Users\Clyde Delacroix\Desktop\A-Outputs\Save Report_2014-06-28_00-04-20
3,2014-06-28_00-27-16,2014-06-28_00-27-17,C:\Users\Clyde Delacroix\Desktop\A-Outputs\Save Report_2014-06-28_00-27-16
4,2014-06-28_00-29-40,2014-06-28_00-29-42,C:\Users\Clyde Delacroix\Desktop\A-Outputs\Save Report_2014-06-28_00-29-40
5,2014-06-28_07-07-42,2014-06-28_07-07-44,C:\Users\Clyde Delacroix\Desktop\A-Outputs\Save Report_2014-06-28_07-07-42
6,2014-07-04_13-23-46,2014-07-04_13-23-48,C:\Users\Clyde Delacroix\Desktop\A-Outputs\Save Report_2014-07-04_13-23-46
7,2014-07-06_22-42-20,2014-07-06_22-42-36,C:\Users\Clyde Delacroix\Desktop\A-Outputs\Save Report_2014-07-06_22-42-20
8,2014-07-09_22-06-01,2014-07-09_22-06-03,C:\Users\Clyde Delacroix\Desktop\A-Outputs\Save Report_2014-07-09_22-06-01
9,2014-07-15_19-39-05,2014-07-15_19-39-07,C:\Users\Clyde Delacroix\Desktop\A-Outputs\Save Report_2014-07-15_19-39-05
10,2014-07-15_19-53-01,2014-07-15_19-53-03,C:\Users\Clyde Delacroix\Desktop\test reports\Save Report_2014-07-15_19-53-01
